{"cameraMode":{"drawMode":0,"name":"Shaded","section":"Shading Mode"},"sceneLighting":true,"audioPlay":false,"sceneViewState":{"showFog":true,"showMaterialUpdate":false,"showSkybox":true,"showFlares":true,"showImageEffects":true,"showParticleSystems":true},"in2DMode":false,"pivot":{"x":2.346409797668457,"y":12.009005546569825,"z":-29.470346450805665},"rotation":{"x":0.05673932656645775,"y":0.2604883909225464,"z":-0.01533677987754345,"w":0.9636867642402649},"size":10.0,"orthographic":false}