{"cameraMode":{"drawMode":0,"name":"Shaded","section":"Shading Mode"},"sceneLighting":true,"audioPlay":false,"sceneViewState":{"showFog":true,"showMaterialUpdate":true,"showSkybox":true,"showFlares":true,"showImageEffects":true,"showParticleSystems":true},"in2DMode":false,"pivot":{"x":-0.09737838804721832,"y":-0.086582250893116,"z":-0.6880455613136292},"rotation":{"x":-0.20942461490631104,"y":0.7404384613037109,"z":-0.267348051071167,"w":-0.5800159573554993},"size":2.9332313537597658,"orthographic":false}