{"cameraMode":{"drawMode":0,"name":"Shaded","section":"Shading Mode"},"sceneLighting":true,"audioPlay":false,"sceneViewState":{"showFog":true,"showMaterialUpdate":true,"showSkybox":true,"showFlares":true,"showImageEffects":true,"showParticleSystems":true},"in2DMode":false,"pivot":{"x":4.293088436126709,"y":-4.07696008682251,"z":4.6591386795043949},"rotation":{"x":-0.2702920436859131,"y":-0.37867164611816409,"z":0.11664153635501862,"w":-0.8774755597114563},"size":4.422125816345215,"orthographic":false}