{"cameraMode":{"drawMode":0,"name":"Shaded","section":"Shading Mode"},"sceneLighting":true,"audioPlay":false,"sceneViewState":{"showFog":true,"showMaterialUpdate":true,"showSkybox":true,"showFlares":true,"showImageEffects":true,"showParticleSystems":true},"in2DMode":false,"pivot":{"x":-0.27793046832084658,"y":-0.20051701366901399,"z":0.2647553086280823},"rotation":{"x":0.1332668960094452,"y":-0.7960289120674133,"z":0.18974687159061433,"w":0.5590845942497253},"size":1.141228199005127,"orthographic":false}