{"cameraMode":{"drawMode":0,"name":"Shaded","section":"Shading Mode"},"sceneLighting":true,"audioPlay":false,"sceneViewState":{"showFog":true,"showMaterialUpdate":true,"showSkybox":true,"showFlares":true,"showImageEffects":true,"showParticleSystems":true},"in2DMode":false,"pivot":{"x":1.9497014284133912,"y":5.237189769744873,"z":-3.9802067279815676},"rotation":{"x":0.4094114601612091,"y":0.005181822460144758,"z":-0.0023267853539437057,"w":0.9123477339744568},"size":0.6188552975654602,"orthographic":false}