{"cameraMode":{"drawMode":0,"name":"Shaded","section":"Shading Mode"},"sceneLighting":true,"audioPlay":false,"sceneViewState":{"showFog":true,"showMaterialUpdate":true,"showSkybox":true,"showFlares":true,"showImageEffects":true,"showParticleSystems":true},"in2DMode":false,"pivot":{"x":0.0006866455078125,"y":0.2710229754447937,"z":-0.004260033369064331},"rotation":{"x":0.17337727546691895,"y":0.2195468693971634,"z":-0.039675481617450717,"w":0.9592564105987549},"size":0.8462814092636108,"orthographic":false}