{"cameraMode":{"drawMode":0,"name":"Shaded","section":"Shading Mode"},"sceneLighting":true,"audioPlay":false,"sceneViewState":{"showFog":true,"showMaterialUpdate":true,"showSkybox":true,"showFlares":true,"showImageEffects":true,"showParticleSystems":true},"in2DMode":false,"pivot":{"x":-4.288858413696289,"y":-4.62283182144165,"z":2.3573336601257326},"rotation":{"x":0.26253026723861697,"y":-0.48709869384765627,"z":0.15629974007606507,"w":0.8181599378585815},"size":5.33607816696167,"orthographic":false}