{"cameraMode":{"drawMode":0,"name":"Shaded","section":"Shading Mode"},"sceneLighting":true,"audioPlay":false,"sceneViewState":{"showFog":true,"showMaterialUpdate":true,"showSkybox":true,"showFlares":true,"showImageEffects":true,"showParticleSystems":true},"in2DMode":false,"pivot":{"x":-0.5093423128128052,"y":2.330166816711426,"z":-3.223843812942505},"rotation":{"x":-0.3452102839946747,"y":-0.15055279433727265,"z":0.056207358837127689,"w":-0.9246678352355957},"size":0.4075812101364136,"orthographic":false}